0.3120180116550616,0.042115640356380595,0.0028477784233873283,12.45767532490126,0.7184236539145187,4.554513291014414e-16,0.0,-7.438084669286595,0.983333234752611,3.912131128550631e-16,0.0,6.388994984144668,1.3811741423574018,3.423356704841291e-16,0.0,5.590765773812932,4.951376890834814,1.7703005711357575e-16,0.0,2.8911202354316523,9.02242500068952,1.3149654517841462e-16,0.0,2.1475015534269577,18.28053950008561,9.208949676673759e-17,0.0,1.5039356136129027,29.810255991360247,7.076925722814192e-17,0.0,1.1557496786406372,0
0.34050122479609884,-0.005694747768342064,-0.0175666715614666,12.44096242370113,0.7184646769313467,4.554399602341743e-16,0.0,-7.437899001594082,0.9836010735732121,3.9111422680530437e-16,0.0,6.387380052397366,1.3812101425189631,3.423338676713955e-16,0.0,5.59073633164667,4.951449653701593,4.308112773967189e-08,0.0,2.89112553056796,9.021004407422867,1.3151539357202562e-16,0.0,2.147809371054442,18.2823415705071,2.2408387108310687e-08,0.0,1.5038013967315051,29.809823322713402,7.077054334515201e-17,0.0,1.1557706825253653,1
0.2901478289531578,-0.006168247906157027,-0.006141460747628796,12.431455353678553,0.7184100716583234,4.554630568990474e-16,0.0,-7.438276198756384,0.9833601186063206,3.9121845540315773e-16,0.0,6.389082234576357,1.3813678232748787,3.4227757360617355e-16,0.0,5.589816979793366,4.951547073275153,4.308015170716187e-08,0.0,2.891060030135255,9.022480604257233,4.525443993407325e-08,0.0,2.147464956415207,18.28312276920799,2.240747872490416e-08,0.0,1.5037404361532671,29.810597404203772,7.076837918560749e-17,0.0,1.155735339117845,0
0.31314966790907495,-0.009168724774329035,-0.015685507223341725,12.449307390662739,0.7183529823271881,4.554691743932566e-16,0.0,-7.438376105018557,0.9832069566370133,3.9124021033173103e-16,0.0,6.389437519522,1.38161271982223,3.422544888631811e-16,0.0,5.58943997733015,4.951373830166285,4.30815020251956e-08,0.0,2.8911506484441647,9.023632971217417,1.314777215214977e-16,0.0,2.147194139780345,18.28139149793056,9.208566210681405e-17,0.0,1.5038729888638531,29.812920828006988,2.435350101554378e-08,0.0,1.1556499223742611,0
0.2851043068653007,0.006369599447914485,-0.011416445594062612,12.421905306991956,0.7184122504081023,1.1082920870164798e-07,0.0,-7.437622263423589,0.983177831301754,3.9125020617905085e-16,0.0,6.389600764097117,1.3813462953063114,3.4228613688986746e-16,0.0,5.5899568288290205,4.95152202453965,1.7702708783982954e-16,0.0,2.8910717435113975,9.022231271880441,1.3149813031940902e-16,0.0,2.147527440743946,18.282287935970146,9.20809796439752e-17,0.0,1.5037965184424695,29.81423001140228,7.075999547626093e-17,0.0,1.155598422753839,0
0.3117534717145187,0.009553612022917836,-0.020488609195925656,12.464425923026933,0.7185373474456581,4.553777345536487e-16,0.0,-7.436882779111502,0.9835019910131311,3.9118060316636177e-16,0.0,6.3884640606371885,1.3815821237007821,3.4224538034052885e-16,0.0,5.589291223866562,4.95092338541024,4.308463549715885e-08,0.0,2.8913609321871303,9.024568169026598,1.3146633607413518e-16,0.0,2.1470082013143243,18.279875891296456,9.209290034424126e-17,0.0,1.5039911982517724,29.809323906151498,7.07714394579272e-17,0.0,1.1557853171575843,0
0.31769299092217856,0.027624367270522057,-0.0008907683531630878,12.424680787453898,0.7184646279760792,4.553929947817306e-16,0.0,-7.437131997548893,0.9831473543200522,9.52131188668364e-08,0.0,6.389644218793822,1.3813971885522855,8.330026804593713e-08,0.0,5.590186336486963,4.951516154436439,4.308014436448249e-08,0.0,2.891059537376385,9.022688681265063,4.525371281188106e-08,0.0,2.147430452189123,18.284054771666046,9.20727524612771e-17,0.0,1.5036621583526244,29.80585768381218,7.077978830862976e-17,0.0,1.1559216642367318,0
0.28794435319567036,0.0028999770142861345,0.030537221192949736,12.481097163109139,0.7186493632762844,4.553437237842391e-16,0.0,-7.436327341095688,0.9832963823725966,9.520726501219671e-08,0.0,6.389251373260546,1.381728175754187,3.4223470084279526e-16,0.0,5.589116814432902,4.951033391821334,4.308299033728145e-08,0.0,2.8912505273771134,9.022529660260581,1.3149456515108014e-16,0.0,2.1474692171266323,18.281252065384074,9.208615948397499e-17,0.0,1.5038811116493174,29.819389310029937,7.074793376949419e-17,0.0,1.155401440133623,0
0.27906544823332075,0.010715610823900722,0.028405448326767623,12.44924383192792,0.7184455716679685,1.1083120647119898e-07,0.0,-7.437756331468139,0.9832059002246495,3.9125417701129405e-16,0.0,6.389665612708912,1.381571845634175,3.4225838881522643e-16,0.0,5.589503668380468,4.951090039102855,4.308364841733279e-08,0.0,2.8912946903815984,9.02301806637168,1.3148603239793507e-16,0.0,2.1473298666926786,18.2862875083353,9.206163295422738e-17,0.0,1.5034805630215058,29.816295076959353,7.075496145736956e-17,0.0,1.1555162109864154,0
0.3210808987499244,-0.050523576209523774,0.02007552182310964,12.443975283687653,0.7182998178117412,1.1084760151024489e-07,0.0,-7.438856583909225,0.9834440425155837,9.519420498905062e-08,0.0,6.388374929946999,1.3812292292063797,3.423352849113948e-16,0.0,5.59075947693232,4.951720140590724,1.7702278678697393e-16,0.0,2.8910015019877418,9.022822511250281,1.3148898021671121e-16,0.0,2.1473780082266813,18.28153315307829,9.208483216112366e-17,0.0,1.5038594348221332,29.820624519279047,7.074500744962884e-17,0.0,1.1553536497034782,0
0.3054899076972598,0.008837557419200108,0.016069199431308735,12.464461426964116,0.7183650191033808,4.554865629205908e-16,0.0,-7.438660081220451,0.9835170348300712,3.911526767603048e-16,0.0,6.388007987815598,1.381150768190244,3.42335072743227e-16,0.0,5.590756011963188,4.95069823889565,4.3086492215922725e-08,0.0,2.891485534473629,9.02235384028236,1.3149683858295613e-16,0.0,2.1475063450867524,18.28110765345674,9.208691581799782e-17,0.0,1.5038934635212753,29.81099680860025,7.076761101086187e-17,0.0,1.1557227938722092,0
0.3380738103997361,0.021222922791839287,0.0008576086505661443,12.446065729825511,0.7185118564355031,4.553989643906481e-16,0.0,-7.437229488660969,0.9833531656385128,9.519833839724005e-08,0.0,6.388652318273901,1.381233696593858,3.4231999431408333e-16,0.0,5.590509762527772,4.950477785310972,1.7706290952590532e-16,0.0,2.8916567560407365,9.024351437409758,1.3146945138224424e-16,0.0,2.1470590781567127,18.27902818527004,9.209705638054405e-17,0.0,1.5040590714753936,29.808488788466803,7.077364512478e-17,0.0,1.1558213384308906,0
0.3080574810553006,0.006709025722677671,0.013920931104792474,12.445003342981172,0.7183616176496255,4.555071620333961e-16,0.0,-7.438996490262137,0.9830299937488254,3.9132056069315587e-16,0.0,6.3907497405065445,1.3812525277904495,3.42329012902624e-16,0.0,5.590657047255859,4.950751091249927,1.7705169463672655e-16,0.0,2.8914736030012382,9.022037598279304,1.315003793004226e-16,0.0,2.1475641693911793,18.282152398752608,2.2408472496137197e-08,0.0,1.503807127011518,29.8083721446274,7.077364394129152e-17,0.0,1.155821319103057,0
0.2820508084680861,-0.039276403300287525,-0.03617417242842393,12.445010932200802,0.718319878108958,4.554756603660374e-16,0.0,-7.438482028992478,0.9832667749333763,3.9121909645072604e-16,0.0,6.389092703677632,1.3812127624851043,3.42335365326241e-16,0.0,5.590760790206421,4.951431204062462,4.308078239078334e-08,0.0,2.891102354596461,9.022827616782143,1.3148981334744852e-16,0.0,2.147391614284165,18.28100516664429,9.208761413781309e-17,0.0,1.5039048679493234,29.810277849477984,7.076934173545204e-17,0.0,1.155751058749746,0
0.28773309455255713,-0.043851976054640654,0.015159129807069432,12.424693915211229,0.7185251056550199,4.553970104091557e-16,0.0,-7.437197577721526,0.9831826876857122,3.9125706441030065e-16,0.0,6.389712767513197,1.3816130373326179,3.422530822587466e-16,0.0,5.589417005736454,4.95133606487047,1.7703190485679048e-16,0.0,2.891150411368355,9.022315758495786,1.3149573008609524e-16,0.0,2.147488241959195,18.28163015482945,9.20844901130325e-17,0.0,1.5038538487528863,29.810439162480808,7.076869334507292e-17,0.0,1.15574046973127,0
0.31249871189681316,-0.005820488275326436,-0.013262180378681487,12.442781025764672,0.7184781928289606,4.554341202953673e-16,0.0,-7.437803628155616,0.9834388209466964,3.9116502671779857e-16,0.0,6.38820967792743,1.381187849019361,3.4232533774349946e-16,0.0,5.590597027352534,4.95057724496773,1.7705582780649595e-16,0.0,2.8915411027860296,9.022731813824807,1.31491067715099e-16,0.0,2.147412099662502,18.280760740595433,9.20883753359296e-17,0.0,1.5039172992579595,29.814292426517408,2.435235786475313e-08,0.0,1.155595676287769,0
0.346982587948425,0.0002269675776238863,0.0002632551507541374,12.463843891341586,0.7185953496896057,4.553913015380054e-16,0.0,-7.437104344780332,0.9830313738071216,3.912969382913948e-16,0.0,6.390363957409287,1.3811609414386805,3.4232382056677833e-16,0.0,5.59057224997636,4.9500347770725375,1.770788567002232e-16,0.0,2.891917193161529,9.023907558446526,1.3147483523040858e-16,0.0,2.1471470030697257,18.28280395138118,2.2407701053309245e-08,0.0,1.503755356359906,29.810581587103595,7.076840964819718e-17,0.0,1.1557358366096886,0
0.3004853829093787,-0.018843501231184105,0.04933818152377862,12.42309139787721,0.7183172357227381,1.1085091341916656e-07,0.0,-7.439078842353716,0.9833103597862807,9.520039386661814e-08,0.0,6.388790258488283,1.381316639336896,3.4230683138644317e-16,0.0,5.590294795605892,4.951272525786091,1.7703527039102992e-16,0.0,2.8912053747135706,9.02166132892374,4.5258394320705455e-08,0.0,2.147652604449944,18.281429715787343,9.208536271211533e-17,0.0,1.5038680993773674,29.811270294631314,7.076687527452708e-17,0.0,1.155710778386025,0
0.31482452310394426,-0.0016911366640904894,0.04351571206727308,12.42519990317871,0.7184898066216578,4.554071086051609e-16,0.0,-7.4373624937775205,0.9832974760274421,9.520796275237366e-08,0.0,6.389298197810995,1.3813717800185028,3.422938754590833e-16,0.0,5.590083209255136,4.950827992669552,1.7705009410111506e-16,0.0,2.8914474642710735,9.022493378344882,4.525426240509159e-08,0.0,2.147456532108831,18.280986054794045,2.2409877992685455e-08,0.0,1.50390144828784,29.810160693616652,2.435573053218539e-08,0.0,1.1557557199239508,0
0.301713439321254,-0.021639514685381833,-0.010609420719350858,12.445156390013276,0.718418755253333,4.554732519228009e-16,0.0,-7.438442696129514,0.9831836626627515,3.9123838130141526e-16,0.0,6.389407649190129,1.3811345136694326,3.423357570719819e-16,0.0,5.590767187899881,4.951230256912984,1.7703339075479683e-16,0.0,2.8911746779243512,9.023623495152494,1.3147931182374038e-16,0.0,2.1472201113869143,18.28314688585919,9.207705015542661e-17,0.0,1.5037323450244469,29.80898388967519,7.077204991491123e-17,0.0,1.1557952866767054,0
0.31994268808043635,-0.013929621338414688,0.00533820791827156,12.50178211964989,0.7185564505781401,4.553642418546418e-16,0.0,-7.436662426614499,0.9831951724253818,3.9124097005777765e-16,0.0,6.38944992678991,1.381272455047283,8.330362619014578e-08,0.0,5.590411697729027,4.951258487980583,1.7703404195600376e-16,0.0,2.8911853128471288,9.023896781600264,1.314742437118486e-16,0.0,2.147137342838541,18.281769117799172,9.208367338577426e-17,0.0,1.5038405105845456,29.809327595162316,7.077141735913738e-17,0.0,1.1557849562569582,0
0.2973322043105112,-0.00011844755958271976,0.006984086263658326,12.421798475771372,0.718387498879593,4.554817655816608e-16,0.0,-7.438581734730127,0.9832060985147063,3.91260676807623e-16,0.0,6.3897717624385075,1.3816732071125577,3.422329761900484e-16,0.0,5.589088648716092,4.95018790071415,1.7707144667714414e-16,0.0,2.891796178301012,9.022762496615272,1.3149056314762487e-16,0.0,2.147403859450312,18.28342349282763,2.2406998472869794e-08,0.0,1.5037082069849395,29.812067565588627,7.076508208914133e-17,0.0,1.1556814934462858,0
0.3228617920220434,0.006969344076828369,-0.010618858687286252,12.448068192095052,0.7184385447672561,4.554614691240654e-16,0.0,-7.438250268423113,0.9834163867766279,3.911760534573589e-16,0.0,6.388389758250475,1.3812648926572297,8.330437742598002e-08,0.0,5.590462112312252,4.951203656125982,1.770370525851393e-16,0.0,2.891234480152145,9.021430323338242,1.3150931084593797e-16,0.0,2.1477100325987846,18.280694892206302,9.208881625991186e-17,0.0,1.5039245000930503,29.812102998282455,7.076498644941898e-17,0.0,1.1556799315310882,0
0.29029889874466286,0.009517643215573203,-0.03567623865077218,12.463137549993698,0.718434403349578,4.554353942246756e-16,0.0,-7.437824433000068,0.983611595718884,3.9113298037204816e-16,0.0,6.387686321384585,1.3814977832726276,8.32935246435402e-08,0.0,5.58973379441447,4.951172449944115,1.7704083907953711e-16,0.0,2.891296318298465,9.023656764544423,1.3147914358698707e-16,0.0,2.147217363872228,18.281301908340858,2.2409582233155853e-08,0.0,1.5038816002018727,29.811003672541595,7.076754875953502e-17,0.0,1.1557217772308905,0
0.329950434846231,-0.027412954174567666,-0.03440625954845693,12.4276834013704,0.718323643565776,4.554831574821186e-16,0.0,-7.438604466189658,0.9833190773199755,3.9118438791525246e-16,0.0,6.388525870277214,1.3816955666599473,3.4222698421948533e-16,0.0,5.5889907924106295,4.950497655106091,4.308882037629526e-08,0.0,2.891641774670798,9.022299128946145,4.5255443823777555e-08,0.0,2.1475125941268485,18.283721389255888,9.2074106476829e-17,0.0,1.5036842711046905,29.812845150928457,2.4353536073076926e-08,0.0,1.1556515859640437,0
0.2994064051535101,0.0039375615185823915,-0.008397643429640566,12.442183533433733,0.718390072057036,4.55453927765722e-16,0.0,-7.43812710869496,0.9833132062286852,3.911964415936793e-16,0.0,6.388722721784689,1.381501069263346,3.422636258960103e-16,0.0,5.5895891964002615,4.950860832225892,1.7705030039203856e-16,0.0,2.8914508332575215,9.023147507056551,1.3148410270050891e-16,0.0,2.1472983523421325,18.285574941726317,9.20655125063399e-17,0.0,1.5035439209156385,29.80671503876687,2.4358526347373553e-08,0.0,1.15588839011388,0
0.29613716693144077,-0.012255088012880298,-0.005735411286452229,12.472793629236222,0.718599378184267,4.553634532091869e-16,0.0,-7.4366495470568115,0.9834618932384587,3.9116200557140687e-16,0.0,6.388160338862586,1.3813359441948614,3.422907541352293e-16,0.0,5.590032234168177,4.950760240256628,4.3086990253836025e-08,0.0,2.8915189572320825,9.023802222782049,1.3147638080958983e-16,0.0,2.147172244293274,18.279557916459297,9.209446173691634e-17,0.0,1.5040166977292733,29.80956792604794,7.077074148064862e-17,0.0,1.1557739183235847,0
0.28698849378381885,-0.0032503015543389347,0.01596705730628876,12.394051497083089,0.718398256567093,4.554818921142066e-16,0.0,-7.438583801163419,0.9831109702462411,3.912626852633094e-16,0.0,6.389804563009052,1.381753313242234,3.422162822299836e-16,0.0,5.588816015658521,4.951444966207156,1.7702838488016563e-16,0.0,2.891092925787577,9.024165257080346,4.524651407484873e-08,0.0,2.147088849563394,18.28162278559882,9.208451269056589e-17,0.0,1.503854217471988,29.812873703302202,2.4353525319898667e-08,0.0,1.1556510756920457,0
0.22832036788745416,0.0077106204707329375,-0.02393706321282672,12.419047541515695,0.718422565995039,4.554278981188744e-16,0.0,-7.4377020123020126,0.9833585538090648,3.912056515969971e-16,0.0,6.388873132553315,1.3816828898612963,8.328379069254287e-08,0.0,5.589080560023492,4.950488844301609,4.3088667416433133e-08,0.0,2.8916315097082554,9.023204834982588,1.3148423496507335e-16,0.0,2.1473005123863924,18.28225123825703,9.208134902273488e-17,0.0,1.5038025508554058,29.81126739065108,7.076688260925144e-17,0.0,1.1557108981711641,0
0.2658009591008382,-0.024331615631375057,0.002576804126509224,12.45495122141051,0.7185455126517096,4.554017579566321e-16,0.0,-7.437275111055703,0.98313974844061,3.9126857215743356e-16,0.0,6.389900703286041,1.3812787699430187,3.4230852768769723e-16,0.0,5.590322498307688,4.950938362813084,1.7704516375850959e-16,0.0,2.89136694566589,9.022525670754229,1.3149440118442063e-16,0.0,2.14746653934787,18.28196881660861,9.208229104673765e-17,0.0,1.5038179352748715,29.812278923538006,7.076457058599092e-17,0.0,1.1556731399659064,0
0.350547621822835,-0.05351071895084774,-0.02301059302248668,12.474341765885672,0.7183537284643916,4.554628728284299e-16,0.0,-7.438273192655072,0.9832728776645069,3.9121198472319634e-16,0.0,6.38897656035313,1.3813071348125878,3.4229797746483034e-16,0.0,5.590150200092819,4.951926882335781,1.770159946223176e-16,0.0,2.890890577521013,9.02201184155717,1.315017002223807e-16,0.0,2.147585741683844,18.28252109924326,9.208013285583173e-17,0.0,1.5037826893426172,29.80876391425791,2.4356756293758725e-08,0.0,1.1558043955243025,1
0.3422026475506315,0.10563162040805164,0.05800537656726358,12.42895411115654,0.7185417200748133,4.553762681095831e-16,0.0,-7.436858830262469,0.9832615161305194,3.912304644520846e-16,0.0,6.389278357228786,1.3815565506643723,3.422572679712036e-16,0.0,5.589485363608453,4.951255124616046,1.7703487647957558e-16,0.0,2.891198941651326,9.022333819549402,1.314965320401339e-16,0.0,2.1475013388625506,18.282340970433033,2.2408292380530668e-08,0.0,1.5037950396578248,29.807713391918863,7.07752185593926e-17,0.0,1.1558470345681557,0
0.2325556842336295,-0.06627168767486176,-0.09528504203870324,12.515935885923964,0.7183925151011006,1.1083713132641651e-07,0.0,-7.438153941769518,0.983114088613333,3.9125727132397614e-16,0.0,6.389716146669957,1.3811788764262292,3.4233726290360624e-16,0.0,5.590791779996564,4.950753342292076,4.308636360346181e-08,0.0,2.8914769034375163,9.02308868532693,1.314858811232161e-16,0.0,2.1473273961890347,18.282685671056292,9.20796460166764e-17,0.0,1.5037747386558449,29.81162161908222,7.076585581266406e-17,0.0,1.1556941293103287,0
0.2800885337102141,-0.0058546918695069235,-0.010816984761762299,12.423223881514316,0.7183494907875201,4.554692571844243e-16,0.0,-7.438377457100933,0.9832860191822357,9.52081182960536e-08,0.0,6.3893086361706155,1.381613651196727,3.4225111844783234e-16,0.0,5.589384934270369,4.951502592708066,4.308018585193408e-08,0.0,2.89106232155212,9.022625869101937,4.525398727376436e-08,0.0,2.147443476265371,18.27836894514623,9.210031696119365e-17,0.0,1.5041123207984128,29.809362372072005,2.4356339607961735e-08,0.0,1.1557846224777644,0
0.2868981185869616,0.055316308679998746,-0.03420620157575947,12.538960078687484,0.7187359878138915,4.553434449657991e-16,0.0,-7.436322787645008,0.9833304798386138,3.911895760513594e-16,0.0,6.388610598969773,1.3813854219081483,8.329844404832628e-08,0.0,5.590063930079863,4.950235049769584,1.7707093148191605e-16,0.0,2.891787764524428,9.023388637108203,1.314829814143754e-16,0.0,2.147280040349903,18.28201330186153,9.208212886748521e-17,0.0,1.5038152866866819,29.811773155629727,7.076579747166468e-17,0.0,1.1556931765295035,0
0.3560653096134142,-0.015243906681205163,0.05850195768407125,12.451752521363353,0.7183027365404878,1.1084948889500598e-07,0.0,-7.438983244155953,0.9831715489023194,3.9123008871920976e-16,0.0,6.389272221045274,1.3814982009572694,3.42273869675265e-16,0.0,5.589756490011151,4.952025351796781,1.7700999536546155e-16,0.0,2.8907926022213557,9.022163329185306,1.3149798966457477e-16,0.0,2.1475251436761815,18.2849738842947,9.20683352471777e-17,0.0,1.5035900197718928,29.80969402866171,7.077058262744214e-17,0.0,1.1557713240538476,0
0.2730408728627092,-0.030714692107023316,0.016852360624517376,12.418927173922789,0.7182117989379698,1.1084869279847583e-07,0.0,-7.438929819022399,0.9832342967147636,3.9123405225380796e-16,0.0,6.389336950477482,1.3815419063390986,3.422657475781432e-16,0.0,5.589623846099005,4.950738161262544,1.7705245242773545e-16,0.0,2.891485978667584,9.022499571140381,1.3149413620135707e-16,0.0,2.1474622118460345,18.283680004690545,9.207425333506907e-17,0.0,1.5036866694817599,29.81409298062623,7.076028487318996e-17,0.0,1.1556031489643548,0
0.3326075588654199,-0.01802221574802126,0.0628464454008339,12.371133927601651,0.7186047219821523,1.1082274031337286e-07,0.0,-7.437188177236319,0.9833123652968695,3.9120158233425775e-16,0.0,6.388806676449528,1.3815043760947603,1.1779381669813919e-07,0.0,5.5896856487487225,4.951248679130671,1.7703722342079885e-16,0.0,2.891237270110191,9.023100314207632,1.3148628868864096e-16,0.0,2.1473340522375404,18.2814213983153,9.208514974470888e-17,0.0,1.503864621355678,29.815441917870068,2.435139014025723e-08,0.0,1.155549754728571,1
0.31669380518108536,-0.013998751721231089,-0.021184249567180888,12.385263913848354,0.7183381703654327,4.554961685172462e-16,0.0,-7.438816952518561,0.9832104148517843,3.9123527294959174e-16,0.0,6.3893568859525045,1.3814681874195187,3.422845116127899e-16,0.0,5.589930286040052,4.951176132645684,4.308297360355938e-08,0.0,2.891249404396039,9.02324798026137,1.3148276451057905e-16,0.0,2.147276498042088,18.28310752669799,2.2407379501916e-08,0.0,1.5037337774112762,29.811002774018576,7.076725404823562e-17,0.0,1.15571696423012,0
0.35356239945182466,-0.07061098988701656,-0.08795437067734886,12.452973460810535,0.7186562163955369,4.553282395896734e-16,0.0,-7.436074465008043,0.9834296390567917,9.520201329247221e-08,0.0,6.388898936317236,1.3814156655768146,3.4228811392154543e-16,0.0,5.589989116206563,4.95089990896069,1.7704635233318075e-16,0.0,2.891386356563334,9.023278434587008,4.525064233628161e-08,0.0,2.147284748502171,18.283571360323464,2.2406876448890084e-08,0.0,1.503700018094314,29.808081316063326,7.077448447914088e-17,0.0,1.1558350461278604,1
0.2349292517749898,-0.0016126736522537677,0.011760374888513565,12.396045998733134,0.7183673283814885,4.554656243479369e-16,0.0,-7.438318128378727,0.9832819525725143,9.520484751499821e-08,0.0,6.389089137770498,1.3816223082139083,8.328501712283197e-08,0.0,5.58916286436663,4.950977092881497,1.7704711825554037e-16,0.0,2.891398865024715,9.02266194968532,4.5254064498424775e-08,0.0,2.1474471408174516,18.28524579366074,9.206723006072718e-17,0.0,1.5035719707074395,29.82019010187713,2.4347588511069513e-08,0.0,1.1553693555131612,0
0.35229749795101634,0.054486587307731454,0.09577357053123012,12.404365394998937,0.7183745342696312,4.554583700194161e-16,0.0,-7.438199656203307,0.9833885224097579,3.911779469823245e-16,0.0,6.388420681859909,1.3811114972187208,3.423527017584661e-16,0.0,5.591043915630619,4.9507755407260525,1.7705079516997822e-16,0.0,2.891458913594481,9.022855052478086,1.314906636175156e-16,0.0,2.147405500248145,18.284983367643534,9.206823044781853e-17,0.0,1.5035883082684742,29.807561216834465,2.435777943173722e-08,0.0,1.1558529466268594,1
0.3079562369565751,-0.05599430913163036,-0.04516632826653441,12.348614531730732,0.7183133682443319,1.1084487877700127e-07,0.0,-7.438673864375022,0.9832336644447697,3.912726435466411e-16,0.0,6.389967194117689,1.3813446442908,8.329753150314038e-08,0.0,5.5900026902093405,4.950610094586899,1.77058198637166e-16,0.0,2.8915798213891684,9.02135601892464,1.31509474417096e-16,0.0,2.147712703918518,18.277220866722203,2.2414310423127385e-08,0.0,1.5041989036583345,29.80553292699671,7.078033690858087e-17,0.0,1.1559306235538427,0
0.34333834112405787,-0.036600682149838956,0.06226561701467005,12.39026110436768,0.7184616937036647,4.554365806685101e-16,0.0,-7.437843809098309,0.9833490002858314,3.9118549151682675e-16,0.0,6.3885438934586745,1.3816593569096574,3.422258443277618e-16,0.0,5.588972176566055,4.95178512843889,4.3077907273813343e-08,0.0,2.8909094087635303,9.022803184942598,1.3149040426750249e-16,0.0,2.147401264741005,18.279394052710952,9.209491982681583e-17,0.0,1.5040241789050672,29.809304667504286,7.077155579456155e-17,0.0,1.1557872170790053,0
0.38360642102140874,-0.04113102749700412,-0.08688408810482949,12.473886152847005,0.7185008893098399,4.554180340355093e-16,0.0,-7.437540919595578,0.9831434480177905,3.912729760032281e-16,0.0,6.389972623545786,1.3812055959398384,3.423321290787406e-16,0.0,5.590707938273885,4.951241006136087,6.092776771479631e-08,0.0,2.891213463932803,9.024018925767102,1.3147273101279573e-16,0.0,2.147112638588239,18.279680264173628,9.209364337379642e-17,0.0,1.504003332845284,29.807437995106234,2.4357839503558232e-08,0.0,1.1558557972229706,0
0.29649902617988444,0.04310868909586163,0.012212893003328389,12.524290469471394,0.7182826347168083,4.554972645466524e-16,0.0,-7.4388348520371315,0.9833295843238952,3.911900733868868e-16,0.0,6.388618721075311,1.381510019535723,8.329485166849833e-08,0.0,5.589822849551544,4.951058726571164,1.7704095100462044e-16,0.0,2.8912981461737908,9.023684044543142,4.5248471755264634e-08,0.0,2.147181747632515,18.282185848640513,2.2408446003829113e-08,0.0,1.503805349142825,29.812312318599883,7.076459357338932e-17,0.0,1.1556735153786117,0
0.20727787415354446,0.14086565300565687,-0.0347360802003801,12.487094107913714,0.7185751572432555,4.553947507168335e-16,0.0,-7.437160674145346,0.9833548749841472,9.520522277692463e-08,0.0,6.389114321171979,1.3813780475330617,3.4230048233389106e-16,0.0,5.590191107708998,4.9508788349235315,1.7704764016609411e-16,0.0,2.8914073884708893,9.022935448701118,1.3148831030495028e-16,0.0,2.147367067737368,18.282214073061706,9.208161723871185e-17,0.0,1.5038069311547242,29.811631119149336,7.076614896810185e-17,0.0,1.155698916901951,0
0.19930886763926967,0.01955157940930441,0.03364639925421105,12.434492611639971,0.7183838794649822,4.554561919234396e-16,0.0,-7.43816408519658,0.983103215674646,3.912690843902644e-16,0.0,6.389909068683006,1.381282613534787,3.423034399341714e-16,0.0,5.590239408987087,4.951165408813138,1.7703839886524314e-16,0.0,2.8912564665747573,9.022076734877688,1.315000969296431e-16,0.0,2.1475595579263933,18.281785024724638,2.2408902662112103e-08,0.0,1.5038359949613067,29.816083238976734,7.075558278023772e-17,0.0,1.1555263579588908,0
0.3509604525393568,-0.004878776404284168,0.020833382825530246,12.521952886563941,0.7184473923743363,4.554451246703036e-16,0.0,-7.437983343236634,0.9833545794007674,9.519373289904529e-08,0.0,6.388343248523166,1.3814461028683065,3.4227818489960393e-16,0.0,5.589826962972693,4.951218139073175,1.7703756889446657e-16,0.0,2.891242912123349,9.022597969652413,1.3149264878150425e-16,0.0,2.1474379204363996,18.284983243884316,9.206866285974805e-17,0.0,1.5035953700911944,29.809143199575995,2.4356562488061943e-08,0.0,1.1557951988367996,1
0.34806885017035605,0.08784572801301632,0.0853318601868456,12.409883555610222,0.7183876927742973,4.554784067522813e-16,0.0,-7.438526880883584,0.9835762817001235,3.9111704845759e-16,0.0,6.387426133476214,1.3813564620332963,3.4229491723964453e-16,0.0,5.5901002228228345,4.950656304672576,4.308755779757862e-08,0.0,2.891557044447762,9.023901879649646,1.3147572424822312e-16,0.0,2.147161521832444,18.282308609502476,9.208126809686549e-17,0.0,1.5038012292356628,29.81292733882778,7.076307523586241e-17,0.0,1.1556487190450409,1
0.3938265079754065,-0.08265790149518401,-0.004341222613810692,12.544000893121565,0.7183939002817047,4.554494225139159e-16,0.0,-7.438053532349369,0.9832892636225977,9.520348901024587e-08,0.0,6.3889979700602035,1.3813316063012457,3.4230825067364906e-16,0.0,5.590317974324963,4.951237817695313,1.7703399677196634e-16,0.0,2.891184574935799,9.023900485209486,1.3147435849499778e-16,0.0,2.1471392173896238,18.28102327972334,3.169232983698528e-08,0.0,1.5039003424023192,29.810016160282412,7.076980098833119e-17,0.0,1.155758558918439,1
0.3691517830063833,-0.041539378692516594,0.002784249766732537,12.395104060471919,0.7185308580634642,4.554009963526609e-16,0.0,-7.437262673118956,0.9836481049826519,3.911007596820519e-16,0.0,6.387160117584131,1.3814046157317716,8.329901844059246e-08,0.0,5.590102476892178,4.95101803659866,1.7704474444458542e-16,0.0,2.8913600977498306,9.024135640203813,1.3147200697342803e-16,0.0,2.1471008141280237,18.282772689953664,9.207901777318722e-17,0.0,1.503764478661051,29.81036032584789,7.076899726698863e-17,0.0,1.1557454331528203,1
0.3414997162582609,-0.008856781079274408,-0.026040372541044104,12.468617028515357,0.7186366401272835,4.553910154352917e-16,0.0,-7.437099672368435,0.9834640843796953,3.9116899431317237e-16,0.0,6.388274473677137,1.3813233386862653,3.423037641019341e-16,0.0,5.590244703048411,4.950933128476567,4.3084432706074677e-08,0.0,2.891347323107898,9.02359183493082,1.3147876089111717e-16,0.0,2.147211113974377,18.279935976202008,2.2411165934316692e-08,0.0,1.5039878805872553,29.81575331133936,7.075626509893258e-17,0.0,1.1555375010688118,0
0.3700948629125243,0.058254163974199545,-0.02087606924467196,12.463858291983387,0.7187626740077661,4.553344585734412e-16,0.0,-7.43617602872049,0.9833879903619054,3.912037031716676e-16,0.0,6.3888413123528975,1.3812398209506296,3.4231161501808926e-16,0.0,5.590372918239282,4.950614313488274,1.7705655257714864e-16,0.0,2.891552939189035,9.023801310858602,4.524821505957017e-08,0.0,2.1471695666175883,18.28676380362955,2.2403193816984147e-08,0.0,1.503452880851592,29.81247071853102,2.4353832757627528e-08,0.0,1.1556656645754784,1
0.20730082305080555,-0.0009683626286737673,0.02224377919503017,12.482658067611872,0.7183262469936447,1.1085042594974055e-07,0.0,-7.439046128834437,0.983371116721959,3.911819035045355e-16,0.0,6.388485296771144,1.3812823005849606,8.330212289537285e-08,0.0,5.590310813324973,4.950895702072776,1.770442705022166e-16,0.0,2.891352357683566,9.024992029856532,1.314600006724506e-16,0.0,2.1469047363530147,18.282331014087948,9.20809715516856e-17,0.0,1.5037963862853512,29.81572857522528,7.07562214365419e-17,0.0,1.1555367880078589,0
0.31984729261720884,-0.03005549085755417,0.00837002582385186,12.517951001657114,0.7183374815703201,4.554744520185128e-16,0.0,-7.438462295179833,0.9834345615463816,3.911850383911559e-16,0.0,6.388536493354887,1.3812780173752757,3.423107078559237e-16,0.0,5.590358103156825,4.951294809592952,1.7703511357560783e-16,0.0,2.8912028137233783,9.022389462317157,4.52550810104281e-08,0.0,2.147495377496728,18.28489259042107,9.206858921685242e-17,0.0,1.5035941674114393,29.813913008083333,7.076054011433303e-17,0.0,1.155607317368555,0
0.3212703664858118,-0.05815792210634181,-0.036255524419097386,12.406437395125035,0.7183666575803619,4.554902179692867e-16,0.0,-7.438719772695552,0.9832691319654013,9.520348757578308e-08,0.0,6.388997873795036,1.3813821298900637,8.329645837547549e-08,0.0,5.589930673831119,4.951842500159314,1.7701304059259503e-16,0.0,2.8908423345545575,9.023670703918352,1.3147879806020394e-16,0.0,2.1472117209916295,18.28414738400883,9.20722616859802e-17,0.0,1.503654143383782,29.808783200252442,7.077280877392538e-17,0.0,1.1558076797849006,0
0.3173360309077364,-0.03696130047067949,-0.05380133583933869,12.421580138008068,0.7183532277350558,4.554962203924276e-16,0.0,-7.438817799704565,0.9832550731008162,9.52031604477156e-08,0.0,6.388975920602135,1.3813929882148497,3.4228782935225313e-16,0.0,5.589984468837337,4.951883689414114,1.7701160300753415e-16,0.0,2.8908188570088376,9.02224838819967,1.3149713795866181e-16,0.0,2.1475112342630585,18.28369737604435,9.207452311642164e-17,0.0,1.5036910753456019,29.81213519417615,7.076468097031047e-17,0.0,1.15567494267865,0
0.3036636712166234,-0.038864368514258674,0.021518986546809785,12.406131516298123,0.7185460549207383,4.553762291407262e-16,0.0,-7.436858193852739,0.9833309086621668,3.912128467861259e-16,0.0,6.38899063890917,1.3812983816618365,3.4230537899532936e-16,0.0,5.590271076258978,4.951035127109452,4.308459342445995e-08,0.0,2.891358108736113,9.023877331057733,1.3147538090960596e-16,0.0,2.1471559146873083,18.28047270206605,2.2410578524688103e-08,0.0,1.50394846019454,29.814205866319497,7.075992566400402e-17,0.0,1.1555972826331615,0
0.40860608012775174,-0.011803195757080803,0.00041984571557623636,12.403506231868148,0.718442977058841,4.5543873793134805e-16,0.0,-7.437879039874064,0.9832919871385828,3.9122449938256764e-16,0.0,6.389180940250746,1.3812321361727369,3.423300945824707e-16,0.0,5.5906747124283385,4.951298648222271,1.7703673211194323e-16,0.0,2.891229246427674,9.022649048937737,1.3149241367410697e-16,0.0,2.147434080841221,18.28055902920715,9.208940782540186e-17,0.0,1.5039341610906605,29.81217596148754,7.07648321183081e-17,0.0,1.155677411112777,1
0.39999293814265446,0.062450511711153324,0.09325773570227246,12.449350680319762,0.7184283957023088,4.554060602209632e-16,0.0,-7.437345372364254,0.9833850181899346,3.9118134186197116e-16,0.0,6.388476124451994,1.381479980780795,3.4227125669456844e-16,0.0,5.58971381679797,4.950824106621973,4.308568732369293e-08,0.0,2.891431519070667,9.023130679686293,4.525143485937415e-08,0.0,2.1473223562058763,18.283100539511686,9.207772745804194e-17,0.0,1.5037434062155723,29.813213468900166,7.076230184453562e-17,0.0,1.1556360886061694,0
0.43457046660923554,0.04219831130628521,-0.039585524203094816,12.490401336401602,0.7185601699322374,4.553986634240485e-16,0.0,-7.437224573503394,0.9836006767219947,3.9113614220605863e-16,0.0,6.387737958052605,1.3817338063733897,8.328403227244713e-08,0.0,5.589096772176365,4.950416510002434,1.7706198358349397e-16,0.0,2.891641634253589,9.023305166164794,1.3148250122761986e-16,0.0,2.147272198305064,18.285435265887127,3.168493203529465e-08,0.0,1.5035492935348869,29.811651944299648,7.076610370845163e-17,0.0,1.15569817775577,1
0.25837367194179306,0.023184181466367,-0.05652438454155593,12.40378600208956,0.7185173350341175,1.1082647188380387e-07,0.0,-7.437438598687851,0.9832893740441601,9.520304527272293e-08,0.0,6.388968191339248,1.3818378958867608,3.4219881362978947e-16,0.0,5.588530731767586,4.9514755008194316,1.7702883255926468e-16,0.0,2.8911002369420973,9.022828986231255,1.3148982007103079e-16,0.0,2.1473917240885965,18.28313235859485,9.20771627382781e-17,0.0,1.5037341836419416,29.81226523923216,7.076454896672563e-17,0.0,1.1556727868965102,0
0.32636087888554643,0.09880352764779501,-0.07624143799098528,12.422532811208143,0.7183813248255602,1.1084007046079845e-07,0.0,-7.438351183738224,0.9833621629536035,9.519851871307232e-08,0.0,6.388664419064516,1.3810272130176149,8.331533818800911e-08,0.0,5.591197676597576,4.94998808775914,1.7707512951486846e-16,0.0,2.8918563236053867,9.023177201871073,4.525113731410017e-08,0.0,2.147308236750421,18.2810456440494,9.20869120636907e-17,0.0,1.5038934022087869,29.811632548411122,2.4354513990990037e-08,0.0,1.1556979912328242,0
0.3404537441029856,0.015079180908175163,0.04010477617491927,12.469345249190138,0.7183797442560821,4.554936704431806e-16,0.0,-7.438776155873073,0.9829893092696198,3.913129335743746e-16,0.0,6.390625180204152,1.381458761302711,8.329492003114771e-08,0.0,5.589827437291265,4.951402372990246,1.770301793219374e-16,0.0,2.891122231245657,9.02402225129731,1.314733799278838e-16,0.0,2.147123236175862,18.28081855088878,2.241005430247776e-08,0.0,1.503913280237665,29.817743492345187,7.075173927957703e-17,0.0,1.155463588829647,1
0.2723897799372691,0.050958599184377465,0.019488397390767555,12.574825309988936,0.7185322564598663,4.553702983479842e-16,0.0,-7.436761336656916,0.983237925550425,9.520775653354083e-08,0.0,6.389284358699445,1.3812272711967803,8.33024692847439e-08,0.0,5.590334059122071,4.950604882713095,1.7705772301136178e-16,0.0,2.8915720538303167,9.022849028470006,1.31488603765131e-16,0.0,2.14737186030582,18.285739704911176,9.206468575494303e-17,0.0,1.5035304190406908,29.810215608306326,7.076935000852848e-17,0.0,1.1557511938593374,0
0.3214817758251339,0.04260305472315814,-0.16734573442364378,12.488235801264013,0.7184456094446836,1.1082897950960113e-07,0.0,-7.43760688260575,0.9832862033615002,3.9124208857822824e-16,0.0,6.38946819361511,1.3811934733593987,8.330748276008623e-08,0.0,5.590670507755604,4.951064064167856,1.7704156727256837e-16,0.0,2.891308210593154,9.023445948994373,4.5250129831118425e-08,0.0,2.1472604285265064,18.280221767447046,9.209110663590766e-17,0.0,1.5039619047716464,29.811921344896454,2.4354214562159663e-08,0.0,1.1556837823967165,0
0.31809448650679445,0.0003363040611224891,0.01830274528363082,12.422515396113674,0.7185827176564826,1.1082209671036663e-07,0.0,-7.437144985769881,0.9832683442235977,3.912202619609491e-16,0.0,6.389111737904053,1.381655239176445,8.328622701977053e-08,0.0,5.5892440591754005,4.951037405140997,4.3083610741951964e-08,0.0,2.891292162029601,9.022794132578088,4.5253420853919725e-08,0.0,2.1474165978691575,18.282474238287232,3.168984763965956e-08,0.0,1.5037825543625232,29.810092814257505,7.076954441871173e-17,0.0,1.1557543688185727,0
0.2837120476348549,-0.005790113739007075,0.0009756638643840072,12.481258953518427,0.7185653536906652,4.553440727916302e-16,0.0,-7.436333040818929,0.9832379477333553,3.9123771888144295e-16,0.0,6.389396831051008,1.3812721102001881,3.4230525260217677e-16,0.0,5.5902690121021505,4.950227550690856,1.770696932964435e-16,0.0,2.8917675434211123,9.024343300787182,1.3146890842731427e-16,0.0,2.1470502110297933,18.283825591017415,2.2406624623556194e-08,0.0,1.5036831183822996,29.81548060846314,2.4351455119430177e-08,0.0,1.155552838193906,0
0.3506037465686421,0.020138217928995596,-0.03758204854014192,12.433155843375452,0.7187595732878288,4.553396154873672e-16,0.0,-7.436260247516139,0.9831807120305693,3.912413955439243e-16,0.0,6.389456875506012,1.3812830635907565,3.4231067656444544e-16,0.0,5.590357592128203,4.951262866654079,1.7703428289134372e-16,0.0,2.891189247619834,9.021982163066731,1.3150188549275178e-16,0.0,2.147588767378619,18.280809986901918,9.20882220471839e-17,0.0,1.5039147958627632,29.81516927947849,7.075766817394008e-17,0.0,1.1555604150225898,0
0.22181777020346677,0.008566331062110997,0.00013725616742890238,12.47361512080655,0.7186143610640229,4.55334892304563e-16,0.0,-7.436183112087255,0.9832720454898127,3.912110926263096e-16,0.0,6.388961991305346,1.3812703605631345,3.42303116942734e-16,0.0,5.590234134136614,4.949763737324592,1.7708537254721404e-16,0.0,2.892023605018325,9.023779428852443,1.3147697348875315e-16,0.0,2.14718192347855,18.285680509843278,3.168463254024313e-08,0.0,1.5035350815563782,29.80950843949748,7.077104030683503e-17,0.0,1.1557787985255599,0
0.17423481633042928,-0.03785297687481322,-0.07724378075462472,12.452523897816011,0.7185004901346346,4.554118502274961e-16,0.0,-7.4374399303468,0.9832545989982798,3.9120379955362846e-16,0.0,6.38884288638977,1.3813144869790985,3.4229806885981576e-16,0.0,5.590151692686201,4.9511687953516175,1.7703746976911728e-16,0.0,2.8912412932835436,9.023002395364712,4.5252122461112084e-08,0.0,2.147354985062588,18.28309678329892,9.20769422211128e-17,0.0,1.5037305823233336,29.81072981833265,7.076816862793842e-17,0.0,1.1557319004501538,0
0.245253053906293,0.009122003630160379,0.06133979226272586,12.39413497790938,0.7183759248887913,4.554690022432156e-16,0.0,-7.438373293595033,0.9832246147706669,9.520830621579367e-08,0.0,6.389321247250844,1.3812321309167301,3.4231352565442544e-16,0.0,5.590404121298605,4.950978497291011,1.7704629778705035e-16,0.0,2.891385465757423,9.022396850365904,1.3149611066211566e-16,0.0,2.1474944572372765,18.28186270138363,3.169092664602693e-08,0.0,1.5038337565951672,29.80712945347426,7.077637332890374e-17,0.0,1.15586589338544,0
0.3083612790739302,0.025942368945916148,-0.09364519491142656,12.421937603384317,0.7185126683448908,1.1082522319483059e-07,0.0,-7.437354800589709,0.9832549862968896,9.520302099557946e-08,0.0,6.388966562127735,1.3817074135293896,3.4222098238234725e-16,0.0,5.588892774971769,4.951769822596709,1.7701743893868856e-16,0.0,2.890914164997369,9.02408585087477,4.524730106450771e-08,0.0,2.1471261946883407,18.281132791087344,9.208642887890234e-17,0.0,1.5038855112023564,29.815462700805796,7.075705055213483e-17,0.0,1.1555503284930586,0
0.2905620384293977,-0.05174918501323301,0.028465282611464512,12.524716718767444,0.7185190560141258,4.553930709170839e-16,0.0,-7.437133240933569,0.9834124272531473,3.911861620719654e-16,0.0,6.388554844455143,1.3816995014642104,8.32876698736986e-08,0.0,5.589340887463034,4.950326765811885,1.770665181252978e-16,0.0,2.8917156889411446,9.022329654462856,1.3149617602234353e-16,0.0,2.147495524650802,18.28226074292598,9.20813452860133e-17,0.0,1.5038024898301114,29.810161929395907,7.076957371641665e-17,0.0,1.1557548472864043,0
0.42233948667795596,-0.05322507875149177,0.03903588517950729,12.46382491529829,0.7184067397976068,4.554516154859147e-16,0.0,-7.438089346299975,0.983610148643784,9.518013338511497e-08,0.0,6.3874306005961,1.381237496591594,8.330551396621942e-08,0.0,5.590538384236295,4.950820715523362,4.308691650949459e-08,0.0,2.891514008333123,9.023828396966639,4.524836918579134e-08,0.0,2.1471768803896585,18.28116523687097,9.208646769445398e-17,0.0,1.503886145108421,29.80938391922617,2.435626492256706e-08,0.0,1.1557810784217988,1
0.21335569681776248,-0.03204514270093917,-0.04271804180456743,12.47790734343175,0.7185026863085241,4.5540466361331e-16,0.0,-7.437322564030389,0.9835109598610337,9.519133710793966e-08,0.0,6.388182469704346,1.3813657201374803,3.4229058272483476e-16,0.0,5.590029434823997,4.9511748567190095,1.7703865097153674e-16,0.0,2.8912605837829806,9.025531850827157,1.31451530204987e-16,0.0,2.1467664031214335,18.28248045894467,9.208013224887546e-17,0.0,1.5037826794302689,29.806929989356792,7.077713664245109e-17,0.0,1.1558783592416833,0
0.27043059172773065,-0.04581629228113326,0.0011419526466066767,12.375995643393926,0.7184698120011425,1.1082688689498704e-07,0.0,-7.437466449616786,0.9832310202861665,3.9123886229461304e-16,0.0,6.389415504405169,1.3815575584182866,3.422507394313284e-16,0.0,5.589378744461125,4.950759028331323,1.7704981631377018e-16,0.0,2.891442927659455,9.022882342117253,1.314890369504803e-16,0.0,2.147378934759444,18.283910684244038,9.207346182876108e-17,0.0,1.5036737432027947,29.81102837448571,7.076744749942939e-17,0.0,1.1557201235278685,0
0.3344894832861333,0.03966876169986765,0.026317233698757016,12.470865678693489,0.7184070433387475,1.1083176802155809e-07,0.0,-7.437794016474664,0.9833887891236025,3.911826076260398e-16,0.0,6.388496795947964,1.38109621974922,3.4234595520323583e-16,0.0,5.590933736022344,4.950917044172445,1.7704654319631403e-16,0.0,2.8913894735948475,9.023424006785499,1.3148146890779126e-16,0.0,2.147255339242854,18.281858248119335,9.208330786866234e-17,0.0,1.5038345412371033,29.803108522778917,7.078608485297461e-17,0.0,1.1560244946095255,1
0.2832851575302179,0.06999154317491627,-0.05528521766973859,12.407534087726749,0.718469833084829,4.553981033791675e-16,0.0,-7.437215427276394,0.9833975692657683,3.9118127843329137e-16,0.0,6.388475088583043,1.3816057076258115,3.4224118353747703e-16,0.0,5.589222684871404,4.950703576349689,1.7705512176467882e-16,0.0,2.8915295722481207,9.023549500936415,1.3148003772426972e-16,0.0,2.1472319662422055,18.279225313179737,9.20959453278755e-17,0.0,1.5040409266083297,29.815532793606703,7.075691604511007e-17,0.0,1.1555481318266425,0
0.30442567511559815,-0.06734823340228777,-0.05253795833266718,12.436963859345086,0.7183104770793992,4.554927342982893e-16,0.0,-7.438760867466785,0.983273790561902,9.520385881255544e-08,0.0,6.389022787073002,1.3814287407102894,3.422786776188981e-16,0.0,5.58983500968942,4.950911610154174,1.770446830132275e-16,0.0,2.8913590944996206,9.023171709134719,1.3148609678311403e-16,0.0,2.1473309181824467,18.28221993185685,9.208137680960979e-17,0.0,1.5038030046495108,29.81177009985369,7.076543379447243e-17,0.0,1.1556872372302296,0
0.3182621219349871,0.005913459020798447,0.08266024077904252,12.487421221095365,0.7183520053685013,4.554815082028016e-16,0.0,-7.438577531414373,0.9831384848743371,3.9126880325419043e-16,0.0,6.389904477382491,1.3814568308966184,8.329316079764573e-08,0.0,5.589709377129921,4.951320202059701,1.770328261813811e-16,0.0,2.8911654577407666,9.02374743707669,4.524837291838796e-08,0.0,2.147177057513062,18.283296926226967,9.207655379245998e-17,0.0,1.5037242388020329,29.814254577755545,7.075971020037705e-17,0.0,1.1555937638450975,0
0.229943831749028,0.000527188267485444,-0.021926214046036285,12.45282640327988,0.7185414148628837,1.108198867225432e-07,0.0,-7.4369966759982065,0.9833746527299975,3.911911892238673e-16,0.0,6.388636944076118,1.381432109210691,3.4227242638113885e-16,0.0,5.58973291922932,4.952245847796473,4.307498051144761e-08,0.0,2.8907129970667755,9.02147913244395,1.3150867710522625e-16,0.0,2.147699682827534,18.281581114761412,2.240915502679389e-08,0.0,1.5038529308683457,29.811412683257547,7.076672316848177e-17,0.0,1.155708294305792,0
0.21327006397903658,-0.07412308074283136,0.09870354407041944,12.489305906067132,0.718493155446335,4.553766354558096e-16,0.0,-7.436864829481618,0.9835058124240422,3.911413692114594e-16,0.0,6.387823321528906,1.3815538806160537,8.328783025714422e-08,0.0,5.589351650613829,4.951156402360092,1.770367849423518e-16,0.0,2.891230109213721,9.0233309609793,1.3148274114932741e-16,0.0,2.147276116523896,18.280963641035115,2.2409911145003324e-08,0.0,1.503903673102222,29.807366242036363,7.077621381861218e-17,0.0,1.155863288384689,0
0.31607458490266366,0.05424519350824727,-0.009409743928534798,12.322647988226185,0.7185659597462621,4.553746783628315e-16,0.0,-7.436832867727758,0.9833024646199331,3.9120899635967073e-16,0.0,6.388927756673119,1.3811825710054797,3.423101186155081e-16,0.0,5.590348480130561,4.951780504052567,1.7701796989274503e-16,0.0,2.8909228361351507,9.022236770135313,4.525564527617135e-08,0.0,2.147522153674082,18.284919821601623,9.206882859274954e-17,0.0,1.5035980767165102,29.81058452119422,7.07685290766243e-17,0.0,1.1557377870239176,0
0.2776439970936151,-0.03185606167299357,0.00981133917920686,12.433273861439298,0.7184813511241661,4.554463729918693e-16,0.0,-7.438003729874912,0.9834658914302522,3.911745594073008e-16,0.0,6.388365358561371,1.3812365131558342,3.423199291245454e-16,0.0,5.590508697901826,4.951522344072828,1.770246403993583e-16,0.0,2.8910317737752593,9.021733561860037,1.3150431004524934e-16,0.0,2.147628363325781,18.285577978355292,9.206585544725175e-17,0.0,1.503549521565754,29.81105650378017,2.4354940791354252e-08,0.0,1.155718244247266,0
0.24626801554484687,0.002067169247715963,-0.002524175718646552,12.452348475620855,0.7183065964639622,4.555126997880325e-16,0.0,-7.4390869286585835,0.9832444479496937,3.912380081704968e-16,0.0,6.389401555499789,1.3814439507815317,3.422884978768638e-16,0.0,5.589995386672768,4.950633907100646,1.770555992943626e-16,0.0,2.8915373708996848,9.022937570365817,1.3148823818002982e-16,0.0,2.147365889848029,18.281710964104878,2.2409136976007083e-08,0.0,1.5038517195005536,29.810098816599893,7.07696430651867e-17,0.0,1.1557559798377668,0
0.2996323033587133,0.05765702077855056,-0.026085711023304314,12.512527282424825,0.7185302860846065,4.553446082787899e-16,0.0,-7.436341785987903,0.9832153325038038,3.9124121149506886e-16,0.0,6.389453869760101,1.381608451805917,8.328476358271614e-08,0.0,5.589145849577548,4.951900228123015,4.3077573769633204e-08,0.0,2.890887027676954,9.022959415351172,4.525216532441513e-08,0.0,2.1473570190606077,18.283172379788397,9.207735991820728e-17,0.0,1.5037374038345608,29.80908183010893,7.077186167939308e-17,0.0,1.1557922125574036,0
0.3558394337542107,0.051784704998174814,-0.017878088561292246,12.440155563451787,0.7184859769149762,1.1083461518781696e-07,0.0,-7.437985086567131,0.9833245747973969,9.520491700874382e-08,0.0,6.389093801416801,1.3814255386957175,3.422869221247888e-16,0.0,5.5899696526884695,4.9503088193875575,1.7706600749766117e-16,0.0,2.8917073497589905,9.021287833499793,1.315106501849526e-16,0.0,2.147731905664808,18.281674857988428,9.208432855401598e-17,0.0,1.5038512102939179,29.81185288901121,7.076538202008305e-17,0.0,1.1556863916902844,1
0.3449898467090303,0.10046229856238051,-0.010987734298307697,12.441945609964272,0.7184602646002182,4.554404105814747e-16,0.0,-7.437906356323636,0.9833242516658129,3.9120979977050334e-16,0.0,6.388940877367725,1.3815559227411023,3.4225661249249594e-16,0.0,5.589474658828788,4.951605487554382,1.7702170562479202e-16,0.0,2.8909838452693695,9.021889806861127,1.3150295172613522e-16,0.0,2.1476061802912105,18.2832023691663,9.207686821415917e-17,0.0,1.5037293736980601,29.81618904589467,7.075533343955702e-17,0.0,1.155522285916554,0
0.26434891128731614,-0.02040550766208822,-0.04946891581588153,12.535854187896929,0.7183980687721774,4.554401981075354e-16,0.0,-7.437902886360877,0.9832370567225711,3.9122072507797776e-16,0.0,6.389119301179097,1.3813018681520852,3.423048324667939e-16,0.0,5.590262150770653,4.95070541201878,1.770522580434809e-16,0.0,2.8914828041317966,9.02157099744789,1.3150643363980737e-16,0.0,2.1476630442567974,18.282228971112474,9.2081685418774e-17,0.0,1.5038080446196382,29.81471387458956,7.07588865340669e-17,0.0,1.1555803123534392,0
0.29222002155307836,-0.08676943921903671,-0.032627506442950344,12.437920112226239,0.7184879334312914,4.554461446239197e-16,0.0,-7.438000000343267,0.9835209232931159,3.911387457472733e-16,0.0,6.387780477107348,1.3814810748370006,3.4227089762380785e-16,0.0,5.5897079527274345,4.9509314356879095,4.308556369613755e-08,0.0,2.891423222565901,9.022534940948113,1.3149396686756256e-16,0.0,2.1474594464153056,18.28114119544659,9.208672943921068e-17,0.0,1.503890419724692,29.81425577848408,7.075984849400749e-17,0.0,1.1555960223514772,0
0.3118236919344075,-0.03060194976306798,-0.02665767446471188,12.430799200663541,0.7184796655081608,1.108320241164382e-07,0.0,-7.437811202711073,0.983332459726822,3.9120858730928455e-16,0.0,6.388921076373355,1.3809860317409,3.4236620052198687e-16,0.0,5.591264367168649,4.9512515644331865,1.77034611929203e-16,0.0,2.8911946212158703,9.02277768048245,4.525323406214952e-08,0.0,2.147407734014445,18.28104830049496,9.208743026852172e-17,0.0,1.5039018651359164,29.815640423296614,7.075670150754544e-17,0.0,1.1555446281623243,0
0.30201963564493006,-0.0012435553662966494,0.004786530319960222,12.451191699659935,0.718346029117992,4.554821486930784e-16,0.0,-7.438587991414387,0.9832250123721248,9.521071556645936e-08,0.0,6.389482936036331,1.3816056893734854,3.4226339921432584e-16,0.0,5.589585494407415,4.951077773146276,4.308373305285223e-08,0.0,2.8913003701751387,9.02279798494805,1.314896415397224e-16,0.0,2.147388808451067,18.28148051552749,3.1691533759331206e-08,0.0,1.5038625660235327,29.808978953251838,7.077234335827694e-17,0.0,1.1558000789705474,0
